{"accuracy": 0.745, "precision": 0.7602339181286549, "recall": 0.9285714285714286, "f1": 0.8360128617363344}