{"accuracy": 0.745, "recall": 0.9285714285714286, "precision": 0.7602339181286549}